"filename", "language", "JavaScript", "JSON", "YAML", "Handlebars", "XML", "CSS", "SCSS", "HTML", "comment", "blank", "total"
"/home/master/Vidventures WebApp./.github/workflows/node.js.yml", "YAML", 0, 0, 26, 0, 0, 0, 0, 0, 3, 11, 40
"/home/master/Vidventures WebApp./app.js", "JavaScript", 121, 0, 0, 0, 0, 0, 0, 0, 7, 33, 161
"/home/master/Vidventures WebApp./config/cloudinary.js", "JavaScript", 19, 0, 0, 0, 0, 0, 0, 0, 5, 11, 35
"/home/master/Vidventures WebApp./config/conn.js", "JavaScript", 6, 0, 0, 0, 0, 0, 0, 0, 0, 4, 10
"/home/master/Vidventures WebApp./config/email.js", "JavaScript", 25, 0, 0, 0, 0, 0, 0, 0, 3, 6, 34
"/home/master/Vidventures WebApp./config/instaFetch.js", "JavaScript", 27, 0, 0, 0, 0, 0, 0, 0, 32, 21, 80
"/home/master/Vidventures WebApp./config/invoice.js", "JavaScript", 4, 0, 0, 0, 0, 0, 0, 0, 8, 8, 20
"/home/master/Vidventures WebApp./config/multer.js", "JavaScript", 25, 0, 0, 0, 0, 0, 0, 0, 0, 4, 29
"/home/master/Vidventures WebApp./config/passport.js", "JavaScript", 8, 0, 0, 0, 0, 0, 0, 0, 2, 2, 12
"/home/master/Vidventures WebApp./config/payment.js", "JavaScript", 2, 0, 0, 0, 0, 0, 0, 0, 0, 3, 5
"/home/master/Vidventures WebApp./config/test.js", "JavaScript", 6, 0, 0, 0, 0, 0, 0, 0, 0, 2, 8
"/home/master/Vidventures WebApp./config/whatsapp.js", "JavaScript", 10, 0, 0, 0, 0, 0, 0, 0, 1, 3, 14
"/home/master/Vidventures WebApp./controllers/adminController.js", "JavaScript", 828, 0, 0, 0, 0, 0, 0, 0, 42, 160, 1030
"/home/master/Vidventures WebApp./controllers/dashboard.js", "JavaScript", 112, 0, 0, 0, 0, 0, 0, 0, 24, 41, 177
"/home/master/Vidventures WebApp./controllers/productController.js", "JavaScript", 49, 0, 0, 0, 0, 0, 0, 0, 2, 17, 68
"/home/master/Vidventures WebApp./controllers/userController.js", "JavaScript", 915, 0, 0, 0, 0, 0, 0, 0, 24, 128, 1067
"/home/master/Vidventures WebApp./controllers/userHome.js", "JavaScript", 48, 0, 0, 0, 0, 0, 0, 0, 22, 20, 90
"/home/master/Vidventures WebApp./middlewares/adminAuth.js", "JavaScript", 23, 0, 0, 0, 0, 0, 0, 0, 0, 10, 33
"/home/master/Vidventures WebApp./middlewares/userAuth.js", "JavaScript", 30, 0, 0, 0, 0, 0, 0, 0, 0, 10, 40
"/home/master/Vidventures WebApp./models/couponModel.js", "JavaScript", 53, 0, 0, 0, 0, 0, 0, 0, 0, 9, 62
"/home/master/Vidventures WebApp./models/formData.js", "JavaScript", 16, 0, 0, 0, 0, 0, 0, 0, 0, 3, 19
"/home/master/Vidventures WebApp./models/orderModel.js", "JavaScript", 94, 0, 0, 0, 0, 0, 0, 0, 2, 10, 106
"/home/master/Vidventures WebApp./models/ordermodel2.js", "JavaScript", 43, 0, 0, 0, 0, 0, 0, 0, 2, 6, 51
"/home/master/Vidventures WebApp./models/postModel.js", "JavaScript", 19, 0, 0, 0, 0, 0, 0, 0, 0, 4, 23
"/home/master/Vidventures WebApp./models/priceTable.js", "JavaScript", 20, 0, 0, 0, 0, 0, 0, 0, 0, 3, 23
"/home/master/Vidventures WebApp./models/productModel.js", "JavaScript", 72, 0, 0, 0, 0, 0, 0, 0, 0, 13, 85
"/home/master/Vidventures WebApp./models/reviewModel.js", "JavaScript", 22, 0, 0, 0, 0, 0, 0, 0, 0, 5, 27
"/home/master/Vidventures WebApp./models/userModel.js", "JavaScript", 121, 0, 0, 0, 0, 0, 0, 0, 0, 19, 140
"/home/master/Vidventures WebApp./models/visitorsModel.js", "JavaScript", 16, 0, 0, 0, 0, 0, 0, 0, 0, 6, 22
"/home/master/Vidventures WebApp./package-lock.json", "JSON", 0, 5131, 0, 0, 0, 0, 0, 0, 0, 1, 5132
"/home/master/Vidventures WebApp./package.json", "JSON", 0, 49, 0, 0, 0, 0, 0, 0, 0, 1, 50
"/home/master/Vidventures WebApp./public/admin/assets/css/main.css", "CSS", 0, 0, 0, 0, 0, 8, 0, 0, 0, 0, 8
"/home/master/Vidventures WebApp./public/admin/assets/css/vendors/bootstrap.css", "CSS", 0, 0, 0, 0, 0, 10488, 0, 0, 30, 1239, 11757
"/home/master/Vidventures WebApp./public/admin/assets/css/vendors/material-icon-round.css", "CSS", 0, 0, 0, 0, 0, 4347, 0, 0, 6, 1439, 5792
"/home/master/Vidventures WebApp./public/admin/assets/css/vendors/normalize.css", "CSS", 0, 0, 0, 0, 0, 147, 0, 0, 129, 75, 351
"/home/master/Vidventures WebApp./public/admin/assets/css/vendors/perfect-scrollbar.css", "CSS", 0, 0, 0, 0, 0, 87, 0, 0, 18, 12, 117
"/home/master/Vidventures WebApp./public/admin/assets/css/vendors/select2.min.css", "CSS", 0, 0, 0, 0, 0, 8, 0, 0, 0, 0, 8
"/home/master/Vidventures WebApp./public/admin/assets/imgs/icons/stars-active.svg", "XML", 0, 0, 0, 0, 16, 0, 0, 0, 1, 0, 17
"/home/master/Vidventures WebApp./public/admin/assets/imgs/icons/starts-disable.svg", "XML", 0, 0, 0, 0, 16, 0, 0, 0, 1, 0, 17
"/home/master/Vidventures WebApp./public/admin/assets/imgs/logo/logoMain.svg", "XML", 0, 0, 0, 0, 4, 0, 0, 0, 0, 0, 4
"/home/master/Vidventures WebApp./public/admin/assets/imgs/theme/favicon.svg", "XML", 0, 0, 0, 0, 19, 0, 0, 0, 1, 1, 21
"/home/master/Vidventures WebApp./public/admin/assets/imgs/theme/logo.svg", "XML", 0, 0, 0, 0, 114, 0, 0, 0, 1, 1, 116
"/home/master/Vidventures WebApp./public/admin/assets/imgs/theme/upload.svg", "XML", 0, 0, 0, 0, 1, 0, 0, 0, 0, 0, 1
"/home/master/Vidventures WebApp./public/admin/assets/js/custom-chart.js", "JavaScript", 0, 0, 0, 0, 0, 0, 0, 0, 99, 5, 104
"/home/master/Vidventures WebApp./public/admin/assets/js/main.js", "JavaScript", 1, 0, 0, 0, 0, 0, 0, 0, 0, 0, 1
"/home/master/Vidventures WebApp./public/admin/assets/js/vendors/bootstrap.bundle.min.js", "JavaScript", 1, 0, 0, 0, 0, 0, 0, 0, 6, 0, 7
"/home/master/Vidventures WebApp./public/admin/assets/js/vendors/chart.js", "JavaScript", 2, 0, 0, 0, 0, 0, 0, 0, 11, 1, 14
"/home/master/Vidventures WebApp./public/admin/assets/js/vendors/jquery-3.6.0.min.js", "JavaScript", 1, 0, 0, 0, 0, 0, 0, 0, 1, 1, 3
"/home/master/Vidventures WebApp./public/admin/assets/js/vendors/jquery.fullscreen.min.js", "JavaScript", 33, 0, 0, 0, 0, 0, 0, 0, 19, 3, 55
"/home/master/Vidventures WebApp./public/admin/assets/js/vendors/perfect-scrollbar.js", "JavaScript", 1122, 0, 0, 0, 0, 0, 0, 0, 40, 186, 1348
"/home/master/Vidventures WebApp./public/admin/assets/js/vendors/select2.min.js", "JavaScript", 1, 0, 0, 0, 0, 0, 0, 0, 1, 0, 2
"/home/master/Vidventures WebApp./public/user/assets/css/plugins/animation.css", "CSS", 0, 0, 0, 0, 0, 2753, 0, 0, 11, 525, 3289
"/home/master/Vidventures WebApp./public/user/assets/css/plugins/bootstrap-select.min.css", "CSS", 0, 0, 0, 0, 0, 1, 0, 0, 5, 0, 6
"/home/master/Vidventures WebApp./public/user/assets/css/plugins/euclid-circulara.css", "CSS", 0, 0, 0, 0, 0, 80, 0, 0, 0, 11, 91
"/home/master/Vidventures WebApp./public/user/assets/css/plugins/feather.css", "CSS", 0, 0, 0, 0, 0, 818, 0, 0, 0, 2, 820
"/home/master/Vidventures WebApp./public/user/assets/css/plugins/fontawesome.min.css", "CSS", 0, 0, 0, 0, 0, 4023, 0, 0, 6, 1307, 5336
"/home/master/Vidventures WebApp./public/user/assets/css/plugins/jquery-ui.css", "CSS", 0, 0, 0, 0, 0, 1, 0, 0, 4, 0, 5
"/home/master/Vidventures WebApp./public/user/assets/css/plugins/magnify.css", "CSS", 0, 0, 0, 0, 0, 408, 0, 0, 7, 69, 484
"/home/master/Vidventures WebApp./public/user/assets/css/plugins/magnigy-popup.min.css", "CSS", 0, 0, 0, 0, 0, 310, 0, 0, 6, 51, 367
"/home/master/Vidventures WebApp./public/user/assets/css/plugins/odometer.css", "CSS", 0, 0, 0, 0, 0, 1, 0, 0, 0, 0, 1
"/home/master/Vidventures WebApp./public/user/assets/css/plugins/sal.css", "CSS", 0, 0, 0, 0, 0, 1, 0, 0, 0, 1, 2
"/home/master/Vidventures WebApp./public/user/assets/css/plugins/swiper.css", "CSS", 0, 0, 0, 0, 0, 1, 0, 0, 11, 1, 13
"/home/master/Vidventures WebApp./public/user/assets/css/style.css", "CSS", 0, 0, 0, 0, 0, 25573, 0, 0, 805, 2223, 28601
"/home/master/Vidventures WebApp./public/user/assets/css/vendor/bootstrap.min.css", "CSS", 0, 0, 0, 0, 0, 2, 0, 0, 4, 0, 6
"/home/master/Vidventures WebApp./public/user/assets/css/vendor/slick-theme.css", "CSS", 0, 0, 0, 0, 0, 170, 0, 0, 4, 25, 199
"/home/master/Vidventures WebApp./public/user/assets/css/vendor/slick.css", "CSS", 0, 0, 0, 0, 0, 103, 0, 0, 1, 14, 118
"/home/master/Vidventures WebApp./public/user/assets/fonts/Feather.svg", "XML", 0, 0, 0, 0, 276, 0, 0, 0, 0, 0, 276
"/home/master/Vidventures WebApp./public/user/assets/fonts/fontawesome-free/webfonts/fa-brands-400.svg", "XML", 0, 0, 0, 0, 1184, 0, 0, 0, 0, 1, 1185
"/home/master/Vidventures WebApp./public/user/assets/fonts/fontawesome-free/webfonts/fa-regular-400.svg", "XML", 0, 0, 0, 0, 467, 0, 0, 0, 0, 1, 468
"/home/master/Vidventures WebApp./public/user/assets/fonts/fontawesome-free/webfonts/fa-solid-900.svg", "XML", 0, 0, 0, 0, 2618, 0, 0, 0, 0, 1, 2619
"/home/master/Vidventures WebApp./public/user/assets/fonts/fontawesome-webfont.svg", "XML", 0, 0, 0, 0, 2671, 0, 0, 0, 0, 1, 2672
"/home/master/Vidventures WebApp./public/user/assets/images/banner/offer-badge-shape.svg", "XML", 0, 0, 0, 0, 3, 0, 0, 0, 0, 1, 4
"/home/master/Vidventures WebApp./public/user/assets/images/banner/wave.svg", "XML", 0, 0, 0, 0, 1, 0, 0, 0, 0, 0, 1
"/home/master/Vidventures WebApp./public/user/assets/images/banner/white-shape.svg", "XML", 0, 0, 0, 0, 3, 0, 0, 0, 0, 1, 4
"/home/master/Vidventures WebApp./public/user/assets/images/bg/banner-bg-shape-1.svg", "XML", 0, 0, 0, 0, 3, 0, 0, 0, 0, 1, 4
"/home/master/Vidventures WebApp./public/user/assets/images/icons/arrow-right.svg", "XML", 0, 0, 0, 0, 1, 0, 0, 0, 0, 0, 1
"/home/master/Vidventures WebApp./public/user/assets/images/icons/badge-bg-shape.svg", "XML", 0, 0, 0, 0, 116, 0, 0, 0, 0, 1, 117
"/home/master/Vidventures WebApp./public/user/assets/images/icons/dashboard.svg", "XML", 0, 0, 0, 0, 3, 0, 0, 0, 0, 1, 4
"/home/master/Vidventures WebApp./public/user/assets/images/icons/elite.svg", "XML", 0, 0, 0, 0, 1, 0, 0, 0, 0, 0, 1
"/home/master/Vidventures WebApp./public/user/assets/images/icons/hand-emojji.svg", "XML", 0, 0, 0, 0, 1, 0, 0, 0, 0, 0, 1
"/home/master/Vidventures WebApp./public/user/assets/images/icons/logout.svg", "XML", 0, 0, 0, 0, 5, 0, 0, 0, 0, 1, 6
"/home/master/Vidventures WebApp./public/user/assets/images/icons/offer-badge-bg-color.svg", "XML", 0, 0, 0, 0, 9, 0, 0, 0, 0, 1, 10
"/home/master/Vidventures WebApp./public/user/assets/images/icons/offer-badge-bg-image.svg", "XML", 0, 0, 0, 0, 10, 0, 0, 0, 0, 1, 11
"/home/master/Vidventures WebApp./public/user/assets/images/icons/offer-badge-bg.svg", "XML", 0, 0, 0, 0, 3, 0, 0, 0, 0, 1, 4
"/home/master/Vidventures WebApp./public/user/assets/images/icons/quote.svg", "XML", 0, 0, 0, 0, 11, 0, 0, 0, 0, 0, 11
"/home/master/Vidventures WebApp./public/user/assets/images/icons/settings.svg", "XML", 0, 0, 0, 0, 4, 0, 0, 0, 0, 1, 5
"/home/master/Vidventures WebApp./public/user/assets/images/icons/tree-shape.svg", "XML", 0, 0, 0, 0, 14, 0, 0, 0, 0, 1, 15
"/home/master/Vidventures WebApp./public/user/assets/images/logo/Whatsapp.svg", "XML", 0, 0, 0, 0, 2, 0, 0, 0, 0, 0, 2
"/home/master/Vidventures WebApp./public/user/assets/images/shape/bg-image-2.svg", "XML", 0, 0, 0, 0, 6175, 0, 0, 0, 1, 0, 6176
"/home/master/Vidventures WebApp./public/user/assets/images/shape/dots-white.svg", "XML", 0, 0, 0, 0, 3, 0, 0, 0, 0, 1, 4
"/home/master/Vidventures WebApp./public/user/assets/images/shape/dots.svg", "XML", 0, 0, 0, 0, 260, 0, 0, 0, 0, 1, 261
"/home/master/Vidventures WebApp./public/user/assets/images/shape/france.svg", "XML", 0, 0, 0, 0, 6, 0, 0, 0, 0, 1, 7
"/home/master/Vidventures WebApp./public/user/assets/images/shape/germany.svg", "XML", 0, 0, 0, 0, 6, 0, 0, 0, 0, 1, 7
"/home/master/Vidventures WebApp./public/user/assets/images/shape/italy.svg", "XML", 0, 0, 0, 0, 6, 0, 0, 0, 0, 1, 7
"/home/master/Vidventures WebApp./public/user/assets/images/shape/japan.svg", "XML", 0, 0, 0, 0, 5, 0, 0, 0, 0, 1, 6
"/home/master/Vidventures WebApp./public/user/assets/images/shape/quote.svg", "XML", 0, 0, 0, 0, 18, 0, 0, 0, 1, 0, 19
"/home/master/Vidventures WebApp./public/user/assets/images/shape/south-korea.svg", "XML", 0, 0, 0, 0, 24, 0, 0, 0, 0, 1, 25
"/home/master/Vidventures WebApp./public/user/assets/images/shape/united-kingdom.svg", "XML", 0, 0, 0, 0, 29, 0, 0, 0, 0, 1, 30
"/home/master/Vidventures WebApp./public/user/assets/images/splash/bg/bg-1.svg", "XML", 0, 0, 0, 0, 1, 0, 0, 0, 0, 0, 1
"/home/master/Vidventures WebApp./public/user/assets/images/splash/bg/left-right-line-1.svg", "XML", 0, 0, 0, 0, 14, 0, 0, 0, 0, 1, 15
"/home/master/Vidventures WebApp./public/user/assets/images/splash/bg/left-right-line-small.svg", "XML", 0, 0, 0, 0, 14, 0, 0, 0, 0, 1, 15
"/home/master/Vidventures WebApp./public/user/assets/images/splash/bg/left-right-line.svg", "XML", 0, 0, 0, 0, 14, 0, 0, 0, 0, 1, 15
"/home/master/Vidventures WebApp./public/user/assets/images/splash/bg/right-left-line.svg", "XML", 0, 0, 0, 0, 14, 0, 0, 0, 0, 1, 15
"/home/master/Vidventures WebApp./public/user/assets/js/main.js", "JavaScript", 889, 0, 0, 0, 0, 0, 0, 0, 33, 92, 1014
"/home/master/Vidventures WebApp./public/user/assets/js/vendor/backtotop.js", "JavaScript", 31, 0, 0, 0, 0, 0, 0, 0, 0, 3, 34
"/home/master/Vidventures WebApp./public/user/assets/js/vendor/bootstrap-select.min.js", "JavaScript", 1, 0, 0, 0, 0, 0, 0, 0, 6, 1, 8
"/home/master/Vidventures WebApp./public/user/assets/js/vendor/bootstrap.min.js", "JavaScript", 1, 0, 0, 0, 0, 0, 0, 0, 5, 1, 7
"/home/master/Vidventures WebApp./public/user/assets/js/vendor/countdown.js", "JavaScript", 1, 0, 0, 0, 0, 0, 0, 0, 0, 0, 1
"/home/master/Vidventures WebApp./public/user/assets/js/vendor/easypie.js", "JavaScript", 226, 0, 0, 0, 0, 0, 0, 0, 93, 54, 373
"/home/master/Vidventures WebApp./public/user/assets/js/vendor/imageloaded.js", "JavaScript", 1, 0, 0, 0, 0, 0, 0, 0, 0, 0, 1
"/home/master/Vidventures WebApp./public/user/assets/js/vendor/isotop.js", "JavaScript", 1, 0, 0, 0, 0, 0, 0, 0, 0, 0, 1
"/home/master/Vidventures WebApp./public/user/assets/js/vendor/jquery-appear.js", "JavaScript", 82, 0, 0, 0, 0, 0, 0, 0, 34, 35, 151
"/home/master/Vidventures WebApp./public/user/assets/js/vendor/jquery-one-page-nav.js", "JavaScript", 141, 0, 0, 0, 0, 0, 0, 0, 40, 42, 223
"/home/master/Vidventures WebApp./public/user/assets/js/vendor/jquery-ui.js", "JavaScript", 1, 0, 0, 0, 0, 0, 0, 0, 4, 3, 8
"/home/master/Vidventures WebApp./public/user/assets/js/vendor/jquery.js", "JavaScript", 3, 0, 0, 0, 0, 0, 0, 0, 1, 0, 4
"/home/master/Vidventures WebApp./public/user/assets/js/vendor/magnify-popup.min.js", "JavaScript", 1, 0, 0, 0, 0, 0, 0, 0, 3, 0, 4
"/home/master/Vidventures WebApp./public/user/assets/js/vendor/magnify.min.js", "JavaScript", 1, 0, 0, 0, 0, 0, 0, 0, 3, 0, 4
"/home/master/Vidventures WebApp./public/user/assets/js/vendor/modernizr.min.js", "JavaScript", 1, 0, 0, 0, 0, 0, 0, 0, 2, 3, 6
"/home/master/Vidventures WebApp./public/user/assets/js/vendor/odometer.js", "JavaScript", 1, 0, 0, 0, 0, 0, 0, 0, 1, 0, 2
"/home/master/Vidventures WebApp./public/user/assets/js/vendor/paralax-scroll.js", "JavaScript", 177, 0, 0, 0, 0, 0, 0, 0, 5, 4, 186
"/home/master/Vidventures WebApp./public/user/assets/js/vendor/paralax.min.js", "JavaScript", 1, 0, 0, 0, 0, 0, 0, 0, 0, 1, 2
"/home/master/Vidventures WebApp./public/user/assets/js/vendor/sal.js", "JavaScript", 1, 0, 0, 0, 0, 0, 0, 0, 0, 1, 2
"/home/master/Vidventures WebApp./public/user/assets/js/vendor/swiper.js", "JavaScript", 1, 0, 0, 0, 0, 0, 0, 0, 11, 2, 14
"/home/master/Vidventures WebApp./public/user/assets/js/vendor/text-type.js", "JavaScript", 154, 0, 0, 0, 0, 0, 0, 0, 9, 22, 185
"/home/master/Vidventures WebApp./public/user/assets/js/vendor/waypoint.min.js", "JavaScript", 1, 0, 0, 0, 0, 0, 0, 0, 10, 4, 15
"/home/master/Vidventures WebApp./public/user/assets/js/vendor/wow.js", "JavaScript", 1, 0, 0, 0, 0, 0, 0, 0, 2, 0, 3
"/home/master/Vidventures WebApp./public/user/assets/scss/blog/_blog-details.scss", "SCSS", 0, 0, 0, 0, 0, 0, 326, 0, 14, 42, 382
"/home/master/Vidventures WebApp./public/user/assets/scss/blog/_blog.scss", "SCSS", 0, 0, 0, 0, 0, 0, 14, 0, 3, 24, 41
"/home/master/Vidventures WebApp./public/user/assets/scss/blog/_post-default.scss", "SCSS", 0, 0, 0, 0, 0, 0, 126, 0, 4, 10, 140
"/home/master/Vidventures WebApp./public/user/assets/scss/blog/_sidebar.scss", "SCSS", 0, 0, 0, 0, 0, 0, 151, 0, 3, 8, 162
"/home/master/Vidventures WebApp./public/user/assets/scss/blog/_unit-test.scss", "SCSS", 0, 0, 0, 0, 0, 0, 65, 0, 3, 21, 89
"/home/master/Vidventures WebApp./public/user/assets/scss/default/_animations.scss", "SCSS", 0, 0, 0, 0, 0, 0, 91, 0, 1, 18, 110
"/home/master/Vidventures WebApp./public/user/assets/scss/default/_edu-common.scss", "SCSS", 0, 0, 0, 0, 0, 0, 604, 0, 50, 103, 757
"/home/master/Vidventures WebApp./public/user/assets/scss/default/_extend.scss", "SCSS", 0, 0, 0, 0, 0, 0, 334, 0, 27, 97, 458
"/home/master/Vidventures WebApp./public/user/assets/scss/default/_forms.scss", "SCSS", 0, 0, 0, 0, 0, 0, 259, 0, 19, 50, 328
"/home/master/Vidventures WebApp./public/user/assets/scss/default/_mixins.scss", "SCSS", 0, 0, 0, 0, 0, 0, 28, 0, 0, 2, 30
"/home/master/Vidventures WebApp./public/user/assets/scss/default/_reset.scss", "SCSS", 0, 0, 0, 0, 0, 0, 293, 0, 4, 57, 354
"/home/master/Vidventures WebApp./public/user/assets/scss/default/_shortcode.scss", "SCSS", 0, 0, 0, 0, 0, 0, 513, 0, 36, 114, 663
"/home/master/Vidventures WebApp./public/user/assets/scss/default/_spacing.scss", "SCSS", 0, 0, 0, 0, 0, 0, 508, 0, 3, 142, 653
"/home/master/Vidventures WebApp./public/user/assets/scss/default/_text-animation.scss", "SCSS", 0, 0, 0, 0, 0, 0, 1128, 0, 58, 205, 1391
"/home/master/Vidventures WebApp./public/user/assets/scss/default/_typography.scss", "SCSS", 0, 0, 0, 0, 0, 0, 398, 0, 9, 48, 455
"/home/master/Vidventures WebApp./public/user/assets/scss/default/_variables.scss", "SCSS", 0, 0, 0, 0, 0, 0, 128, 0, 24, 55, 207
"/home/master/Vidventures WebApp./public/user/assets/scss/elements/_404.scss", "SCSS", 0, 0, 0, 0, 0, 0, 19, 0, 3, 22, 44
"/home/master/Vidventures WebApp./public/user/assets/scss/elements/_about.scss", "SCSS", 0, 0, 0, 0, 0, 0, 134, 0, 4, 30, 168
"/home/master/Vidventures WebApp./public/user/assets/scss/elements/_accordion.scss", "SCSS", 0, 0, 0, 0, 0, 0, 272, 0, 9, 62, 343
"/home/master/Vidventures WebApp./public/user/assets/scss/elements/_advance-tab.scss", "SCSS", 0, 0, 0, 0, 0, 0, 299, 0, 10, 16, 325
"/home/master/Vidventures WebApp./public/user/assets/scss/elements/_backtotop.scss", "SCSS", 0, 0, 0, 0, 0, 0, 109, 0, 3, 11, 123
"/home/master/Vidventures WebApp./public/user/assets/scss/elements/_badge.scss", "SCSS", 0, 0, 0, 0, 0, 0, 194, 0, 18, 20, 232
"/home/master/Vidventures WebApp./public/user/assets/scss/elements/_brand.scss", "SCSS", 0, 0, 0, 0, 0, 0, 152, 0, 5, 12, 169
"/home/master/Vidventures WebApp./public/user/assets/scss/elements/_brands.scss", "SCSS", 0, 0, 0, 0, 0, 0, 117, 0, 1, 4, 122
"/home/master/Vidventures WebApp./public/user/assets/scss/elements/_breadcrumb.scss", "SCSS", 0, 0, 0, 0, 0, 0, 297, 0, 16, 47, 360
"/home/master/Vidventures WebApp./public/user/assets/scss/elements/_button.scss", "SCSS", 0, 0, 0, 0, 0, 0, 792, 0, 26, 118, 936
"/home/master/Vidventures WebApp./public/user/assets/scss/elements/_callto-action.scss", "SCSS", 0, 0, 0, 0, 0, 0, 197, 0, 6, 23, 226
"/home/master/Vidventures WebApp./public/user/assets/scss/elements/_card-example.scss", "SCSS", 0, 0, 0, 0, 0, 0, 503, 0, 0, 27, 530
"/home/master/Vidventures WebApp./public/user/assets/scss/elements/_card.scss", "SCSS", 0, 0, 0, 0, 0, 0, 558, 0, 3, 39, 600
"/home/master/Vidventures WebApp./public/user/assets/scss/elements/_cart.scss", "SCSS", 0, 0, 0, 0, 0, 0, 372, 0, 6, 26, 404
"/home/master/Vidventures WebApp./public/user/assets/scss/elements/_category-box.scss", "SCSS", 0, 0, 0, 0, 0, 0, 382, 0, 3, 33, 418
"/home/master/Vidventures WebApp./public/user/assets/scss/elements/_category.scss", "SCSS", 0, 0, 0, 0, 0, 0, 54, 0, 3, 7, 64
"/home/master/Vidventures WebApp./public/user/assets/scss/elements/_check-blog-section.scss", "SCSS", 0, 0, 0, 0, 0, 0, 64, 0, 0, 0, 64
"/home/master/Vidventures WebApp./public/user/assets/scss/elements/_checkout.scss", "SCSS", 0, 0, 0, 0, 0, 0, 168, 0, 9, 19, 196
"/home/master/Vidventures WebApp./public/user/assets/scss/elements/_connect-area.scss", "SCSS", 0, 0, 0, 0, 0, 0, 105, 0, 0, 0, 105
"/home/master/Vidventures WebApp./public/user/assets/scss/elements/_contact.scss", "SCSS", 0, 0, 0, 0, 0, 0, 155, 0, 1, 6, 162
"/home/master/Vidventures WebApp./public/user/assets/scss/elements/_countdown.scss", "SCSS", 0, 0, 0, 0, 0, 0, 45, 0, 3, 1, 49
"/home/master/Vidventures WebApp./public/user/assets/scss/elements/_counterdown-area.scss", "SCSS", 0, 0, 0, 0, 0, 0, 97, 0, 0, 0, 97
"/home/master/Vidventures WebApp./public/user/assets/scss/elements/_counterup.scss", "SCSS", 0, 0, 0, 0, 0, 0, 343, 0, 7, 39, 389
"/home/master/Vidventures WebApp./public/user/assets/scss/elements/_course-filter.scss", "SCSS", 0, 0, 0, 0, 0, 0, 328, 0, 9, 40, 377
"/home/master/Vidventures WebApp./public/user/assets/scss/elements/_course-meta.scss", "SCSS", 0, 0, 0, 0, 0, 0, 137, 0, 4, 11, 152
"/home/master/Vidventures WebApp./public/user/assets/scss/elements/_feature.scss", "SCSS", 0, 0, 0, 0, 0, 0, 136, 0, 3, 17, 156
"/home/master/Vidventures WebApp./public/user/assets/scss/elements/_image-gallery.scss", "SCSS", 0, 0, 0, 0, 0, 0, 64, 0, 3, 24, 91
"/home/master/Vidventures WebApp./public/user/assets/scss/elements/_instagram.scss", "SCSS", 0, 0, 0, 0, 0, 0, 67, 0, 3, 9, 79
"/home/master/Vidventures WebApp./public/user/assets/scss/elements/_list.scss", "SCSS", 0, 0, 0, 0, 0, 0, 324, 0, 13, 28, 365
"/home/master/Vidventures WebApp./public/user/assets/scss/elements/_modal.scss", "SCSS", 0, 0, 0, 0, 0, 0, 82, 0, 3, 8, 93
"/home/master/Vidventures WebApp./public/user/assets/scss/elements/_newsletterform.scss", "SCSS", 0, 0, 0, 0, 0, 0, 92, 0, 7, 13, 112
"/home/master/Vidventures WebApp./public/user/assets/scss/elements/_pagination.scss", "SCSS", 0, 0, 0, 0, 0, 0, 45, 0, 3, 0, 48
"/home/master/Vidventures WebApp./public/user/assets/scss/elements/_portfolio.scss", "SCSS", 0, 0, 0, 0, 0, 0, 150, 0, 6, 24, 180
"/home/master/Vidventures WebApp./public/user/assets/scss/elements/_pricingtable.scss", "SCSS", 0, 0, 0, 0, 0, 0, 319, 0, 7, 7, 333
"/home/master/Vidventures WebApp./public/user/assets/scss/elements/_progressbar.html", "HTML", 0, 0, 0, 0, 0, 0, 0, 136, 0, 12, 148
"/home/master/Vidventures WebApp./public/user/assets/scss/elements/_progressbar.scss", "SCSS", 0, 0, 0, 0, 0, 0, 142, 0, 6, 12, 160
"/home/master/Vidventures WebApp./public/user/assets/scss/elements/_search.scss", "SCSS", 0, 0, 0, 0, 0, 0, 197, 0, 6, 28, 231
"/home/master/Vidventures WebApp./public/user/assets/scss/elements/_section-title.scss", "SCSS", 0, 0, 0, 0, 0, 0, 136, 0, 3, 18, 157
"/home/master/Vidventures WebApp./public/user/assets/scss/elements/_service.scss", "SCSS", 0, 0, 0, 0, 0, 0, 397, 0, 9, 25, 431
"/home/master/Vidventures WebApp./public/user/assets/scss/elements/_slider.scss", "SCSS", 0, 0, 0, 0, 0, 0, 14, 0, 0, 3, 17
"/home/master/Vidventures WebApp./public/user/assets/scss/elements/_social.scss", "SCSS", 0, 0, 0, 0, 0, 0, 125, 0, 3, 8, 136
"/home/master/Vidventures WebApp./public/user/assets/scss/elements/_split.scss", "SCSS", 0, 0, 0, 0, 0, 0, 67, 0, 3, 1, 71
"/home/master/Vidventures WebApp./public/user/assets/scss/elements/_swiper.scss", "SCSS", 0, 0, 0, 0, 0, 0, 262, 0, 10, 42, 314
"/home/master/Vidventures WebApp./public/user/assets/scss/elements/_teacher-section.scss", "SCSS", 0, 0, 0, 0, 0, 0, 122, 0, 0, 0, 122
"/home/master/Vidventures WebApp./public/user/assets/scss/elements/_team.scss", "SCSS", 0, 0, 0, 0, 0, 0, 776, 0, 7, 52, 835
"/home/master/Vidventures WebApp./public/user/assets/scss/elements/_testimonial.scss", "SCSS", 0, 0, 0, 0, 0, 0, 563, 0, 9, 71, 643
"/home/master/Vidventures WebApp./public/user/assets/scss/elements/_testimonials.scss", "SCSS", 0, 0, 0, 0, 0, 0, 204, 0, 1, 9, 214
"/home/master/Vidventures WebApp./public/user/assets/scss/elements/_video.scss", "SCSS", 0, 0, 0, 0, 0, 0, 72, 0, 3, 13, 88
"/home/master/Vidventures WebApp./public/user/assets/scss/footer/_back-to-top.scss", "SCSS", 0, 0, 0, 0, 0, 0, 0, 0, 3, 1, 4
"/home/master/Vidventures WebApp./public/user/assets/scss/footer/_copyright.scss", "SCSS", 0, 0, 0, 0, 0, 0, 42, 0, 3, 4, 49
"/home/master/Vidventures WebApp./public/user/assets/scss/footer/_dark.scss", "SCSS", 0, 0, 0, 0, 0, 0, 55, 0, 4, 12, 71
"/home/master/Vidventures WebApp./public/user/assets/scss/footer/_footer.scss", "SCSS", 0, 0, 0, 0, 0, 0, 108, 0, 7, 10, 125
"/home/master/Vidventures WebApp./public/user/assets/scss/header/_header-common.scss", "SCSS", 0, 0, 0, 0, 0, 0, 96, 0, 4, 24, 124
"/home/master/Vidventures WebApp./public/user/assets/scss/header/_header.scss", "SCSS", 0, 0, 0, 0, 0, 0, 236, 0, 6, 50, 292
"/home/master/Vidventures WebApp./public/user/assets/scss/header/_headertop.scss", "SCSS", 0, 0, 0, 0, 0, 0, 245, 0, 9, 37, 291
"/home/master/Vidventures WebApp./public/user/assets/scss/header/_headertopbar.scss", "SCSS", 0, 0, 0, 0, 0, 0, 67, 0, 3, 4, 74
"/home/master/Vidventures WebApp./public/user/assets/scss/header/_mega-menu.scss", "SCSS", 0, 0, 0, 0, 0, 0, 0, 0, 3, 22, 25
"/home/master/Vidventures WebApp./public/user/assets/scss/header/_mobilemenu.scss", "SCSS", 0, 0, 0, 0, 0, 0, 281, 0, 3, 11, 295
"/home/master/Vidventures WebApp./public/user/assets/scss/header/_nav.scss", "SCSS", 0, 0, 0, 0, 0, 0, 558, 0, 25, 58, 641
"/home/master/Vidventures WebApp./public/user/assets/scss/header/_offcanbas.scss", "SCSS", 0, 0, 0, 0, 0, 0, 194, 0, 6, 59, 259
"/home/master/Vidventures WebApp./public/user/assets/scss/header/_offcanvas.scss", "SCSS", 0, 0, 0, 0, 0, 0, 354, 0, 12, 45, 411
"/home/master/Vidventures WebApp./public/user/assets/scss/header/_offertopbar.scss", "SCSS", 0, 0, 0, 0, 0, 0, 67, 0, 3, 4, 74
"/home/master/Vidventures WebApp./public/user/assets/scss/header/_one-page-navigation.scss", "SCSS", 0, 0, 0, 0, 0, 0, 81, 0, 3, 11, 95
"/home/master/Vidventures WebApp./public/user/assets/scss/header/_search.scss", "SCSS", 0, 0, 0, 0, 0, 0, 124, 0, 3, 27, 154
"/home/master/Vidventures WebApp./public/user/assets/scss/header/_social-share.scss", "SCSS", 0, 0, 0, 0, 0, 0, 53, 0, 3, 1, 57
"/home/master/Vidventures WebApp./public/user/assets/scss/header/common/_header-common.scss", "SCSS", 0, 0, 0, 0, 0, 0, 774, 0, 36, 90, 900
"/home/master/Vidventures WebApp./public/user/assets/scss/header/common/_headertop.scss", "SCSS", 0, 0, 0, 0, 0, 0, 291, 0, 9, 33, 333
"/home/master/Vidventures WebApp./public/user/assets/scss/header/common/_offertopbar.scss", "SCSS", 0, 0, 0, 0, 0, 0, 67, 0, 3, 4, 74
"/home/master/Vidventures WebApp./public/user/assets/scss/header/headermiddle/_headermid.scss", "SCSS", 0, 0, 0, 0, 0, 0, 38, 0, 3, 20, 61
"/home/master/Vidventures WebApp./public/user/assets/scss/header/topoffer/_offertopbar.scss", "SCSS", 0, 0, 0, 0, 0, 0, 86, 0, 3, 19, 108
"/home/master/Vidventures WebApp./public/user/assets/scss/shop/_cart.scss", "SCSS", 0, 0, 0, 0, 0, 0, 372, 0, 6, 26, 404
"/home/master/Vidventures WebApp./public/user/assets/scss/shop/_checkout.scss", "SCSS", 0, 0, 0, 0, 0, 0, 169, 0, 9, 19, 197
"/home/master/Vidventures WebApp./public/user/assets/scss/shop/_minicart.scss", "SCSS", 0, 0, 0, 0, 0, 0, 81, 0, 3, 8, 92
"/home/master/Vidventures WebApp./public/user/assets/scss/shop/_my-account.scss", "SCSS", 0, 0, 0, 0, 0, 0, 100, 0, 3, 35, 138
"/home/master/Vidventures WebApp./public/user/assets/scss/shop/_product-details.scss", "SCSS", 0, 0, 0, 0, 0, 0, 157, 0, 3, 22, 182
"/home/master/Vidventures WebApp./public/user/assets/scss/shop/_shop.scss", "SCSS", 0, 0, 0, 0, 0, 0, 8, 0, 3, 19, 30
"/home/master/Vidventures WebApp./public/user/assets/scss/style.scss", "SCSS", 0, 0, 0, 0, 0, 0, 82, 0, 135, 19, 236
"/home/master/Vidventures WebApp./public/user/assets/scss/template/_about-us.scss", "SCSS", 0, 0, 0, 0, 0, 0, 178, 0, 0, 0, 178
"/home/master/Vidventures WebApp./public/user/assets/scss/template/_banner.scss", "SCSS", 0, 0, 0, 0, 0, 0, 1414, 0, 46, 136, 1596
"/home/master/Vidventures WebApp./public/user/assets/scss/template/_blog-details.scss", "SCSS", 0, 0, 0, 0, 0, 0, 363, 0, 0, 0, 363
"/home/master/Vidventures WebApp./public/user/assets/scss/template/_connect-area.scss", "SCSS", 0, 0, 0, 0, 0, 0, 5, 0, 0, 0, 5
"/home/master/Vidventures WebApp./public/user/assets/scss/template/_contact-page.scss", "SCSS", 0, 0, 0, 0, 0, 0, 128, 0, 0, 0, 128
"/home/master/Vidventures WebApp./public/user/assets/scss/template/_contact.scss", "SCSS", 0, 0, 0, 0, 0, 0, 48, 0, 3, 15, 66
"/home/master/Vidventures WebApp./public/user/assets/scss/template/_course-action-bottom.scss", "SCSS", 0, 0, 0, 0, 0, 0, 57, 0, 0, 4, 61
"/home/master/Vidventures WebApp./public/user/assets/scss/template/_course-details.scss", "SCSS", 0, 0, 0, 0, 0, 0, 348, 0, 21, 36, 405
"/home/master/Vidventures WebApp./public/user/assets/scss/template/_course-sidebar.scss", "SCSS", 0, 0, 0, 0, 0, 0, 117, 0, 4, 11, 132
"/home/master/Vidventures WebApp./public/user/assets/scss/template/_course-slidebar.scss", "SCSS", 0, 0, 0, 0, 0, 0, 146, 0, 0, 0, 146
"/home/master/Vidventures WebApp./public/user/assets/scss/template/_error-page.scss", "SCSS", 0, 0, 0, 0, 0, 0, 26, 0, 0, 1, 27
"/home/master/Vidventures WebApp./public/user/assets/scss/template/_events-details.scss", "SCSS", 0, 0, 0, 0, 0, 0, 92, 0, 0, 1, 93
"/home/master/Vidventures WebApp./public/user/assets/scss/template/_events-page.scss", "SCSS", 0, 0, 0, 0, 0, 0, 8, 0, 0, 0, 8
"/home/master/Vidventures WebApp./public/user/assets/scss/template/_grid-course.scss", "SCSS", 0, 0, 0, 0, 0, 0, 23, 0, 0, 0, 23
"/home/master/Vidventures WebApp./public/user/assets/scss/template/_instructor-dashboard.scss", "SCSS", 0, 0, 0, 0, 0, 0, 82, 0, 6, 11, 99
"/home/master/Vidventures WebApp./public/user/assets/scss/template/_list-course.scss", "SCSS", 0, 0, 0, 0, 0, 0, 23, 0, 0, 0, 23
"/home/master/Vidventures WebApp./public/user/assets/scss/template/_login-page.scss", "SCSS", 0, 0, 0, 0, 0, 0, 124, 0, 0, 0, 124
"/home/master/Vidventures WebApp./public/user/assets/scss/template/_my-account.scss", "SCSS", 0, 0, 0, 0, 0, 0, 100, 0, 3, 35, 138
"/home/master/Vidventures WebApp./public/user/assets/scss/template/_preview.scss", "SCSS", 0, 0, 0, 0, 0, 0, 1416, 0, 34, 165, 1615
"/home/master/Vidventures WebApp./public/user/assets/scss/template/_product-details.scss", "SCSS", 0, 0, 0, 0, 0, 0, 148, 0, 3, 22, 173
"/home/master/Vidventures WebApp./public/user/assets/scss/template/_profile-page.scss", "SCSS", 0, 0, 0, 0, 0, 0, 106, 0, 0, 0, 106
"/home/master/Vidventures WebApp./public/user/assets/scss/template/_register-page.scss", "SCSS", 0, 0, 0, 0, 0, 0, 158, 0, 0, 0, 158
"/home/master/Vidventures WebApp./public/user/assets/scss/template/_shop-details.scss", "SCSS", 0, 0, 0, 0, 0, 0, 259, 0, 0, 0, 259
"/home/master/Vidventures WebApp./public/user/assets/scss/template/_shop-page.scss", "SCSS", 0, 0, 0, 0, 0, 0, 160, 0, 0, 5, 165
"/home/master/Vidventures WebApp./public/user/assets/scss/template/_shop.scss", "SCSS", 0, 0, 0, 0, 0, 0, 8, 0, 3, 19, 30
"/home/master/Vidventures WebApp./public/user/assets/scss/template/_sidebar.scss", "SCSS", 0, 0, 0, 0, 0, 0, 221, 0, 15, 42, 278
"/home/master/Vidventures WebApp./public/user/assets/scss/template/_single-zoom-section.scss", "SCSS", 0, 0, 0, 0, 0, 0, 68, 0, 0, 0, 68
"/home/master/Vidventures WebApp./public/user/assets/scss/template/_teacher-details.scss", "SCSS", 0, 0, 0, 0, 0, 0, 198, 0, 0, 0, 198
"/home/master/Vidventures WebApp./public/user/assets/scss/variation-page/_color.scss", "SCSS", 0, 0, 0, 0, 0, 0, 7, 0, 3, 9, 19
"/home/master/Vidventures WebApp./public/user/assets/scss/variation-page/_demo-page.scss", "SCSS", 0, 0, 0, 0, 0, 0, 247, 0, 0, 8, 255
"/home/master/Vidventures WebApp./router/adminRouter.js", "JavaScript", 45, 0, 0, 0, 0, 0, 0, 0, 1, 46, 92
"/home/master/Vidventures WebApp./router/userRouter.js", "JavaScript", 72, 0, 0, 0, 0, 0, 0, 0, 6, 69, 147
"/home/master/Vidventures WebApp./views/admin/PriceTableList.hbs", "Handlebars", 0, 0, 0, 44, 0, 0, 0, 0, 2, 3, 49
"/home/master/Vidventures WebApp./views/admin/addPost.hbs", "Handlebars", 0, 0, 0, 88, 0, 0, 0, 0, 4, 9, 101
"/home/master/Vidventures WebApp./views/admin/addPriceTable.hbs", "Handlebars", 0, 0, 0, 118, 0, 0, 0, 0, 2, 19, 139
"/home/master/Vidventures WebApp./views/admin/addProduct.hbs", "Handlebars", 0, 0, 0, 118, 0, 0, 0, 0, 2, 19, 139
"/home/master/Vidventures WebApp./views/admin/addReview.hbs", "Handlebars", 0, 0, 0, 67, 0, 0, 0, 0, 27, 15, 109
"/home/master/Vidventures WebApp./views/admin/coordinators.hbs", "Handlebars", 0, 0, 0, 70, 0, 0, 0, 0, 6, 4, 80
"/home/master/Vidventures WebApp./views/admin/coupon.hbs", "Handlebars", 0, 0, 0, 89, 0, 0, 0, 0, 9, 2, 100
"/home/master/Vidventures WebApp./views/admin/dashboard.hbs", "Handlebars", 0, 0, 0, 399, 0, 0, 0, 0, 38, 17, 454
"/home/master/Vidventures WebApp./views/admin/editProduct.hbs", "Handlebars", 0, 0, 0, 90, 0, 0, 0, 0, 1, 10, 101
"/home/master/Vidventures WebApp./views/admin/formData.hbs", "Handlebars", 0, 0, 0, 18, 0, 0, 0, 0, 1, 3, 22
"/home/master/Vidventures WebApp./views/admin/login.hbs", "Handlebars", 0, 0, 0, 25, 0, 0, 0, 0, 17, 0, 42
"/home/master/Vidventures WebApp./views/admin/order.hbs", "Handlebars", 0, 0, 0, 265, 0, 0, 0, 0, 0, 52, 317
"/home/master/Vidventures WebApp./views/admin/postList.hbs", "Handlebars", 0, 0, 0, 74, 0, 0, 0, 0, 11, 7, 92
"/home/master/Vidventures WebApp./views/admin/product.hbs", "Handlebars", 0, 0, 0, 104, 0, 0, 0, 0, 35, 13, 152
"/home/master/Vidventures WebApp./views/admin/review.hbs", "Handlebars", 0, 0, 0, 82, 0, 0, 0, 0, 39, 10, 131
"/home/master/Vidventures WebApp./views/admin/users.hbs", "Handlebars", 0, 0, 0, 90, 0, 0, 0, 0, 6, 4, 100
"/home/master/Vidventures WebApp./views/admin/viewOrder.hbs", "Handlebars", 0, 0, 0, 116, 0, 0, 0, 0, 23, 3, 142
"/home/master/Vidventures WebApp./views/layout/adminLayout.hbs", "Handlebars", 0, 0, 0, 39, 0, 0, 0, 0, 0, 12, 51
"/home/master/Vidventures WebApp./views/layout/userLayout.hbs", "Handlebars", 0, 0, 0, 86, 0, 0, 0, 0, 0, 15, 101
"/home/master/Vidventures WebApp./views/partials/admin/footer.hbs", "Handlebars", 0, 0, 0, 27, 0, 0, 0, 0, 0, 3, 30
"/home/master/Vidventures WebApp./views/partials/admin/header.hbs", "Handlebars", 0, 0, 0, 155, 0, 0, 0, 0, 0, 9, 164
"/home/master/Vidventures WebApp./views/partials/user/footer.hbs", "Handlebars", 0, 0, 0, 157, 0, 0, 0, 0, 7, 22, 186
"/home/master/Vidventures WebApp./views/partials/user/header.hbs", "Handlebars", 0, 0, 0, 306, 0, 0, 0, 0, 90, 33, 429
"/home/master/Vidventures WebApp./views/partials/user/loginNav.hbs", "Handlebars", 0, 0, 0, 469, 0, 0, 0, 0, 0, 37, 506
"/home/master/Vidventures WebApp./views/partials/user/noNav.hbs", "Handlebars", 0, 0, 0, 0, 0, 0, 0, 0, 0, 1, 1
"/home/master/Vidventures WebApp./views/user/404.hbs", "Handlebars", 0, 0, 0, 85, 0, 0, 0, 0, 0, 14, 99
"/home/master/Vidventures WebApp./views/user/aboutUs.hbs", "Handlebars", 0, 0, 0, 144, 0, 0, 0, 0, 16, 16, 176
"/home/master/Vidventures WebApp./views/user/addInstruction.hbs", "Handlebars", 0, 0, 0, 46, 0, 0, 0, 0, 1, 7, 54
"/home/master/Vidventures WebApp./views/user/blog.hbs", "Handlebars", 0, 0, 0, 224, 0, 0, 0, 0, 0, 20, 244
"/home/master/Vidventures WebApp./views/user/cart.hbs", "Handlebars", 0, 0, 0, 204, 0, 0, 0, 0, 0, 28, 232
"/home/master/Vidventures WebApp./views/user/contact.hbs", "Handlebars", 0, 0, 0, 51, 0, 0, 0, 0, 3, 0, 54
"/home/master/Vidventures WebApp./views/user/faq.hbs", "Handlebars", 0, 0, 0, 208, 0, 0, 0, 0, 1, 14, 223
"/home/master/Vidventures WebApp./views/user/home.hbs", "Handlebars", 0, 0, 0, 1883, 0, 0, 0, 0, 25, 296, 2204
"/home/master/Vidventures WebApp./views/user/login.hbs", "Handlebars", 0, 0, 0, 87, 0, 0, 0, 0, 20, 11, 118
"/home/master/Vidventures WebApp./views/user/otp.hbs", "Handlebars", 0, 0, 0, 128, 0, 0, 0, 0, 1, 26, 155
"/home/master/Vidventures WebApp./views/user/payment.hbs", "Handlebars", 0, 0, 0, 11, 0, 0, 0, 0, 0, 0, 11
"/home/master/Vidventures WebApp./views/user/productDetails.hbs", "Handlebars", 0, 0, 0, 112, 0, 0, 0, 0, 28, 29, 169
"/home/master/Vidventures WebApp./views/user/shop.hbs", "Handlebars", 0, 0, 0, 72, 0, 0, 0, 0, 39, 9, 120
"/home/master/Vidventures WebApp./views/user/success.hbs", "Handlebars", 0, 0, 0, 190, 0, 0, 0, 0, 0, 30, 220
"/home/master/Vidventures WebApp./views/user/terms.hbs", "Handlebars", 0, 0, 0, 33, 0, 0, 0, 0, 0, 9, 42
"/home/master/Vidventures WebApp./views/user/userProfile.hbs", "Handlebars", 0, 0, 0, 197, 0, 0, 0, 0, 3, 31, 231
"/home/master/Vidventures WebApp./views/user/verifyEmail.hbs", "Handlebars", 0, 0, 0, 0, 0, 0, 0, 0, 0, 1, 1
"/home/master/Vidventures WebApp./views/user/viewOrderDetails.hbs", "Handlebars", 0, 0, 0, 83, 0, 0, 0, 0, 108, 23, 214
"Total", "-", 5730, 5180, 26, 6854, 14165, 49330, 26279, 136, 3215, 12309, 123224